{
  "id": "1c9ba335-5b0e-82e7-a3cd-abef8949df2c",
  "name": "Apiato Environment",
  "values": [
    {
      "enabled": true,
      "key": "domain",
      "value": "http://api.apiato.test/v1",
      "type": "text"
    },
    {
      "enabled": true,
      "key": "access_token",
      "value": "",
      "type": "text"
    },
    {
      "enabled": true,
      "key": "refresh_token",
      "value": "",
      "type": "text"
    },
    {
      "enabled": true,
      "key": "token_type",
      "value": "",
      "type": "text"
    },
    {
      "enabled": true,
      "key": "expires_in",
      "value": "",
      "type": "text"
    }
  ],
  "_postman_variable_scope": "environment",
  "_postman_exported_at": "2018-03-02T03:05:24.167Z",
  "_postman_exported_using": "Postman/6.0.7"
}
