{
	"info": {
		"name": "Apiato API",
		"_postman_id": "130bbe9b-a076-2bc2-08a3-609a41cbb134",
		"description": "Explore all endpoints that ship out-of-the-box with Apiato API. Reduce your development time with these preprepared API calls. Postman allows you to interact with the Apiato API using GET, POST and DELETE request. Enjoy your new API.",
		"schema": "https://schema.getpostman.com/json/collection/v2.1.0/collection.json"
	},
	"item": [
		{
			"name": "Authentication",
			"description": "",
			"item": [
				{
					"name": "Login",
					"event": [
						{
							"listen": "test",
							"script": {
								"id": "03707176-82f7-4617-904c-d61b1da2b30d",
								"type": "text/javascript",
								"exec": [
									"if (responseCode.code === 200) {",
									"    var jsonData = JSON.parse(responseBody);",
									"    postman.setEnvironmentVariable(\"access_token\", jsonData.access_token);",
									"    postman.setEnvironmentVariable(\"expires_in\", jsonData.expires_in);",
									"    postman.setEnvironmentVariable(\"refresh_token\", jsonData.refresh_token);",
									"    postman.setEnvironmentVariable(\"token_type\", jsonData.token_type);",
									"}"
								]
							}
						}
					],
					"request": {
						"auth": {
							"type": "noauth"
						},
						"method": "POST",
						"header": [
							{
								"key": "Accept",
								"value": "application/json"
							},
							{
								"key": "Content-Type",
								"value": "application/json"
							}
						],
						"body": {
							"mode": "raw",
							"raw": "{\n\t\"email\": \"admin@admin.com\",\n\t\"password\": \"admin\"\n}"
						},
						"url": {
							"raw": "{{domain}}/clients/web/admin/login",
							"host": [
								"{{domain}}"
							],
							"path": [
								"clients",
								"web",
								"admin",
								"login"
							]
						},
						"description": ""
					},
					"response": []
				},
				{
					"name": "Logout",
					"event": [
						{
							"listen": "test",
							"script": {
								"id": "7a5a8414-c6e0-4170-9e60-3399405613e7",
								"type": "text/javascript",
								"exec": [
									"if (responseCode.code === 202) {",
									"    postman.setEnvironmentVariable(\"access_token\", \"\");",
									"    postman.setEnvironmentVariable(\"expires_in\", \"\");",
									"    postman.setEnvironmentVariable(\"refresh_token\", \"\");",
									"    postman.setEnvironmentVariable(\"token_type\", \"\");",
									"}"
								]
							}
						}
					],
					"request": {
						"method": "DELETE",
						"header": [
							{
								"key": "Accept",
								"value": "application/json"
							},
							{
								"key": "Content-Type",
								"value": "application/json"
							}
						],
						"body": {},
						"url": {
							"raw": "{{domain}}/logout",
							"host": [
								"{{domain}}"
							],
							"path": [
								"logout"
							]
						},
						"description": ""
					},
					"response": []
				}
			]
		},
		{
			"name": "Authorization",
			"description": "",
			"item": [
				{
					"name": "Roles",
					"description": "",
					"item": [
						{
							"name": "Create Role",
							"request": {
								"method": "POST",
								"header": [
									{
										"key": "Accept",
										"value": "application/json"
									},
									{
										"key": "Content-Type",
										"value": "application/json"
									}
								],
								"body": {
									"mode": "raw",
									"raw": "{\n\t\"name\": \"test\",\n\t\"description\": \"This is a test role.\",\n\t\"display_name\": \"test-role\"\n}"
								},
								"url": {
									"raw": "{{domain}}/roles",
									"host": [
										"{{domain}}"
									],
									"path": [
										"roles"
									]
								},
								"description": ""
							},
							"response": []
						},
						{
							"name": "Fetch All Roles",
							"request": {
								"method": "GET",
								"header": [
									{
										"key": "Accept",
										"value": "application/json"
									},
									{
										"key": "Content-Type",
										"value": "application/json"
									}
								],
								"body": {},
								"url": {
									"raw": "{{domain}}/roles",
									"host": [
										"{{domain}}"
									],
									"path": [
										"roles"
									],
									"query": [
										{
											"key": "include",
											"value": "users",
											"type": "text",
											"description": "Include related resources.",
											"disabled": true
										},
										{
											"key": "filter",
											"value": "id;name",
											"type": "text",
											"description": "Filter and reduce response to specific attributes.",
											"disabled": true
										},
										{
											"key": "search",
											"value": "name:admin",
											"equals": true,
											"description": "Search all fields or specific fields with attribute:value syntax.",
											"disabled": true
										},
										{
											"key": "orderBy",
											"value": "id",
											"type": "text",
											"description": "Order results by attribute. Use with 'sortedBy'.",
											"disabled": true
										},
										{
											"key": "sortedBy",
											"value": "desc",
											"type": "text",
											"description": "Sort by asc or desc. Use with 'orderBy'. ",
											"disabled": true
										},
										{
											"key": "limit",
											"value": "10",
											"type": "text",
											"description": "Limit the number of items per page.",
											"disabled": true
										},
										{
											"key": "page",
											"value": "1",
											"type": "text",
											"description": "Returns specific page from paginated results.",
											"disabled": true
										}
									]
								},
								"description": ""
							},
							"response": []
						},
						{
							"name": "Fetch Role By Id",
							"request": {
								"method": "GET",
								"header": [
									{
										"key": "Accept",
										"value": "application/json"
									},
									{
										"key": "Content-Type",
										"value": "application/json"
									}
								],
								"body": {},
								"url": {
									"raw": "{{domain}}/roles/{id}",
									"host": [
										"{{domain}}"
									],
									"path": [
										"roles",
										"{id}"
									],
									"query": [
										{
											"key": "include",
											"value": "permissions",
											"equals": true,
											"disabled": true
										},
										{
											"key": "filter",
											"value": "id;name",
											"equals": true,
											"disabled": true
										}
									]
								},
								"description": ""
							},
							"response": []
						},
						{
							"name": "Delete Role By Id",
							"request": {
								"method": "DELETE",
								"header": [
									{
										"key": "Accept",
										"value": "application/json"
									},
									{
										"key": "Content-Type",
										"value": "application/json"
									}
								],
								"body": {},
								"url": {
									"raw": "{{domain}}/roles/{id}",
									"host": [
										"{{domain}}"
									],
									"path": [
										"roles",
										"{id}"
									]
								},
								"description": ""
							},
							"response": []
						},
						{
							"name": "Sync Roles on User",
							"request": {
								"method": "POST",
								"header": [
									{
										"key": "Accept",
										"value": "application/json"
									},
									{
										"key": "Content-Type",
										"value": "application/json"
									}
								],
								"body": {
									"mode": "raw",
									"raw": "{\n\t\"user_id\": \"user_id\",\n\t\"roles_ids\": [\n\t\t\"role_id1\",\n\t\t\"role_id2\",\n\t\t\"role_id3\"\n\t]\n}"
								},
								"url": {
									"raw": "{{domain}}/roles/sync",
									"host": [
										"{{domain}}"
									],
									"path": [
										"roles",
										"sync"
									]
								},
								"description": ""
							},
							"response": []
						},
						{
							"name": "Assign Roles on User",
							"request": {
								"method": "POST",
								"header": [
									{
										"key": "Accept",
										"value": "application/json"
									},
									{
										"key": "Content-Type",
										"value": "application/json"
									}
								],
								"body": {
									"mode": "raw",
									"raw": "{\n\t\"user_id\": \"user_id\",\n\t\"roles_ids\": [\n\t\t\"role_id1\",\n\t\t\"role_id2\",\n\t\t\"role_id3\"\n\t]\n}"
								},
								"url": {
									"raw": "{{domain}}/roles/assign",
									"host": [
										"{{domain}}"
									],
									"path": [
										"roles",
										"assign"
									]
								},
								"description": ""
							},
							"response": []
						},
						{
							"name": "Revoke Roles on User",
							"request": {
								"method": "POST",
								"header": [
									{
										"key": "Accept",
										"value": "application/json"
									},
									{
										"key": "Content-Type",
										"value": "application/json"
									}
								],
								"body": {
									"mode": "raw",
									"raw": "{\n\t\"user_id\": \"user_id\",\n\t\"roles_ids\": [\n\t\t\"role_id1\",\n\t\t\"role_id2\",\n\t\t\"role_id3\"\n\t]\n}"
								},
								"url": {
									"raw": "{{domain}}/roles/revoke",
									"host": [
										"{{domain}}"
									],
									"path": [
										"roles",
										"revoke"
									]
								},
								"description": ""
							},
							"response": []
						}
					],
					"_postman_isSubFolder": true
				},
				{
					"name": "Permissions",
					"description": "",
					"item": [
						{
							"name": "Fetch All Permissions",
							"request": {
								"method": "GET",
								"header": [
									{
										"key": "Accept",
										"value": "application/json"
									},
									{
										"key": "Content-Type",
										"value": "application/json"
									}
								],
								"body": {},
								"url": {
									"raw": "{{domain}}/permissions",
									"host": [
										"{{domain}}"
									],
									"path": [
										"permissions"
									],
									"query": [
										{
											"key": "include",
											"value": "roles",
											"equals": true,
											"description": "Include related resources.",
											"disabled": true
										},
										{
											"key": "filter",
											"value": "id;name",
											"type": "text",
											"description": "Filter and reduce response to specific attributes.",
											"disabled": true
										},
										{
											"key": "search",
											"value": "name:search-users",
											"equals": true,
											"description": "Search all fields or specific fields with attribute:value syntax.",
											"disabled": true
										},
										{
											"key": "orderBy",
											"value": "id",
											"type": "text",
											"description": "Order results by attribute. Use with 'sortedBy'.",
											"disabled": true
										},
										{
											"key": "sortedBy",
											"value": "desc",
											"type": "text",
											"description": "Sort by asc or desc. Use with 'orderBy'. ",
											"disabled": true
										},
										{
											"key": "limit",
											"value": "10",
											"type": "text",
											"description": "Limit the number of items per page.",
											"disabled": true
										},
										{
											"key": "page",
											"value": "1",
											"type": "text",
											"description": "Returns specific page from paginated results.",
											"disabled": true
										}
									]
								},
								"description": ""
							},
							"response": []
						},
						{
							"name": "Fetch Permission By Id",
							"request": {
								"method": "GET",
								"header": [
									{
										"key": "Accept",
										"value": "application/json"
									},
									{
										"key": "Content-Type",
										"value": "application/json"
									}
								],
								"body": {},
								"url": {
									"raw": "{{domain}}/permissions/{id}",
									"host": [
										"{{domain}}"
									],
									"path": [
										"permissions",
										"{id}"
									],
									"query": [
										{
											"key": "include",
											"value": "roles",
											"equals": true,
											"description": "Include related resources.",
											"disabled": true
										},
										{
											"key": "filter",
											"value": "id;name",
											"type": "text",
											"description": "Filter and reduce response to specific attributes.",
											"disabled": true
										}
									]
								},
								"description": ""
							},
							"response": []
						},
						{
							"name": "Sync Permissions on Role",
							"request": {
								"method": "POST",
								"header": [
									{
										"key": "Accept",
										"value": "application/json"
									},
									{
										"key": "Content-Type",
										"value": "application/json"
									}
								],
								"body": {
									"mode": "raw",
									"raw": "{\n\t\"role_id\": \"role_id\",\n\t\"permissions_ids\": [\n\t\t\"permission_id1\",\n\t\t\"permission_id2\",\n\t\t\"permission_id3\"\n\t]\n}\t"
								},
								"url": {
									"raw": "{{domain}}/permissions/sync",
									"host": [
										"{{domain}}"
									],
									"path": [
										"permissions",
										"sync"
									]
								},
								"description": ""
							},
							"response": []
						},
						{
							"name": "Attach Permissions on Role",
							"request": {
								"method": "POST",
								"header": [
									{
										"key": "Accept",
										"value": "application/json"
									},
									{
										"key": "Content-Type",
										"value": "application/json"
									}
								],
								"body": {
									"mode": "raw",
									"raw": "{\n\t\"role_id\": \"role_id\",\n\t\"permissions_ids\": [\n\t\t\"permission_id1\",\n\t\t\"permission_id2\",\n\t\t\"permission_id3\"\n\t]\n}"
								},
								"url": {
									"raw": "{{domain}}/permissions/attach",
									"host": [
										"{{domain}}"
									],
									"path": [
										"permissions",
										"attach"
									]
								},
								"description": ""
							},
							"response": []
						},
						{
							"name": "Detach Permissions on Role",
							"request": {
								"method": "POST",
								"header": [
									{
										"key": "Accept",
										"value": "application/json"
									},
									{
										"key": "Content-Type",
										"value": "application/json"
									}
								],
								"body": {
									"mode": "raw",
									"raw": "{\n\t\"role_id\": \"role_id\",\n\t\"permissions_ids\": [\n\t\t\"permission_id1\",\n\t\t\"permission_id2\",\n\t\t\"permission_id3\"\n\t]\n}"
								},
								"url": {
									"raw": "{{domain}}/permissions/detach",
									"host": [
										"{{domain}}"
									],
									"path": [
										"permissions",
										"detach"
									]
								},
								"description": ""
							},
							"response": []
						}
					],
					"_postman_isSubFolder": true
				}
			]
		},
		{
			"name": "Localization",
			"description": "",
			"item": [
				{
					"name": "Fetch All Localizations",
					"request": {
						"method": "GET",
						"header": [
							{
								"key": "Accept",
								"value": "application/json"
							},
							{
								"key": "Content-Type",
								"value": "application/json"
							}
						],
						"body": {},
						"url": {
							"raw": "{{domain}}/localizations",
							"host": [
								"{{domain}}"
							],
							"path": [
								"localizations"
							],
							"query": [
								{
									"key": "include",
									"value": "language",
									"type": "text",
									"description": "Include related resources.",
									"disabled": true
								},
								{
									"key": "filter",
									"value": "id;code",
									"equals": true,
									"description": "Filter and reduce response to specific attributes.",
									"disabled": true
								},
								{
									"key": "search",
									"value": "language.default_name:Arabic",
									"equals": true,
									"description": "Search all fields or specific fields with attribute:value syntax.",
									"disabled": true
								},
								{
									"key": "orderBy",
									"value": "id",
									"type": "text",
									"description": "Order results by attribute. Use with 'sortedBy'.",
									"disabled": true
								},
								{
									"key": "sortedBy",
									"value": "desc",
									"type": "text",
									"description": "Sort by asc or desc. Use with 'orderBy'. ",
									"disabled": true
								},
								{
									"key": "limit",
									"value": "10",
									"type": "text",
									"description": "Limit the number of items per page.",
									"disabled": true
								},
								{
									"key": "page",
									"value": "1",
									"type": "text",
									"description": "Returns specific page from paginated results.",
									"disabled": true
								}
							]
						},
						"description": ""
					},
					"response": []
				}
			]
		},
		{
			"name": "Payment",
			"description": "",
			"item": [
				{
					"name": "Fetch All Payment Accounts",
					"request": {
						"method": "GET",
						"header": [
							{
								"key": "Accept",
								"value": "application/json"
							},
							{
								"key": "Content-Type",
								"value": "application/json"
							}
						],
						"body": {},
						"url": {
							"raw": "{{domain}}/user/paymentaccounts",
							"host": [
								"{{domain}}"
							],
							"path": [
								"user",
								"paymentaccounts"
							],
							"query": [
								{
									"key": "include",
									"value": "resource",
									"type": "text",
									"description": "Include related resources.",
									"disabled": true
								},
								{
									"key": "filter",
									"value": "attributes",
									"type": "text",
									"description": "Filter and reduce response to specific attributes.",
									"disabled": true
								},
								{
									"key": "search",
									"value": "keyword",
									"type": "text",
									"description": "Search all fields or specific fields with attribute:value syntax.",
									"disabled": true
								},
								{
									"key": "orderBy",
									"value": "id",
									"type": "text",
									"description": "Order results by attribute. Use with 'sortedBy'.",
									"disabled": true
								},
								{
									"key": "sortedBy",
									"value": "desc",
									"type": "text",
									"description": "Sort by asc or desc. Use with 'orderBy'. ",
									"disabled": true
								},
								{
									"key": "limit",
									"value": "10",
									"type": "text",
									"description": "Limit the number of items per page.",
									"disabled": true
								},
								{
									"key": "page",
									"value": "1",
									"type": "text",
									"description": "Returns specific page from paginated results.",
									"disabled": true
								}
							]
						},
						"description": ""
					},
					"response": []
				},
				{
					"name": "Fetch Payment Account By Id",
					"request": {
						"method": "GET",
						"header": [
							{
								"key": "Accept",
								"value": "application/json"
							},
							{
								"key": "Content-Type",
								"value": "application/json"
							}
						],
						"body": {},
						"url": {
							"raw": "{{domain}}/user/paymentaccounts/{id}",
							"host": [
								"{{domain}}"
							],
							"path": [
								"user",
								"paymentaccounts",
								"{id}"
							]
						},
						"description": ""
					},
					"response": []
				},
				{
					"name": "Update Payment Account By Id",
					"request": {
						"method": "PATCH",
						"header": [
							{
								"key": "Accept",
								"value": "application/json"
							},
							{
								"key": "Content-Type",
								"value": "application/json"
							}
						],
						"body": {
							"mode": "raw",
							"raw": "{\n\t\"name\": \"This is a name attribute.\"\n}"
						},
						"url": {
							"raw": "{{domain}}/user/paymentaccounts/{id}",
							"host": [
								"{{domain}}"
							],
							"path": [
								"user",
								"paymentaccounts",
								"{id}"
							]
						},
						"description": ""
					},
					"response": []
				},
				{
					"name": "Delete Payment Account By Id",
					"request": {
						"method": "DELETE",
						"header": [
							{
								"key": "Accept",
								"value": "application/json"
							},
							{
								"key": "Content-Type",
								"value": "application/json"
							}
						],
						"body": {},
						"url": {
							"raw": "{{domain}}/user/paymentaccounts/{id}",
							"host": [
								"{{domain}}"
							],
							"path": [
								"user",
								"paymentaccounts",
								"{id}"
							]
						},
						"description": ""
					},
					"response": []
				}
			]
		},
		{
			"name": "Settings",
			"description": "",
			"item": [
				{
					"name": "Create Setting",
					"request": {
						"method": "POST",
						"header": [
							{
								"key": "Accept",
								"value": "application/json"
							},
							{
								"key": "Content-Type",
								"value": "application/json"
							}
						],
						"body": {
							"mode": "raw",
							"raw": "{\n\t\"key\": \"key\",\n\t\"value\": \"value\"\n}"
						},
						"url": {
							"raw": "{{domain}}/settings",
							"host": [
								"{{domain}}"
							],
							"path": [
								"settings"
							]
						},
						"description": ""
					},
					"response": []
				},
				{
					"name": "Fetch All Settings",
					"request": {
						"method": "GET",
						"header": [
							{
								"key": "Accept",
								"value": "application/json"
							},
							{
								"key": "Content-Type",
								"value": "application/json"
							}
						],
						"body": {},
						"url": {
							"raw": "{{domain}}/settings",
							"host": [
								"{{domain}}"
							],
							"path": [
								"settings"
							],
							"query": [
								{
									"key": "include",
									"value": "resource",
									"type": "text",
									"description": "Include related resources.",
									"disabled": true
								},
								{
									"key": "filter",
									"value": "attributes",
									"type": "text",
									"description": "Filter and reduce response to specific attributes.",
									"disabled": true
								},
								{
									"key": "search",
									"value": "keyword",
									"type": "text",
									"description": "Search all fields or specific fields with attribute:value syntax.",
									"disabled": true
								},
								{
									"key": "orderBy",
									"value": "id",
									"type": "text",
									"description": "Order results by attribute. Use with 'sortedBy'.",
									"disabled": true
								},
								{
									"key": "sortedBy",
									"value": "desc",
									"type": "text",
									"description": "Sort by asc or desc. Use with 'orderBy'. ",
									"disabled": true
								},
								{
									"key": "limit",
									"value": "10",
									"type": "text",
									"description": "Limit the number of items per page.",
									"disabled": true
								},
								{
									"key": "page",
									"value": "1",
									"type": "text",
									"description": "Returns specific page from paginated results.",
									"disabled": true
								}
							]
						},
						"description": ""
					},
					"response": []
				},
				{
					"name": "Update Setting By Id",
					"request": {
						"method": "PATCH",
						"header": [
							{
								"key": "Accept",
								"value": "application/json"
							},
							{
								"key": "Content-Type",
								"value": "application/json"
							}
						],
						"body": {
							"mode": "raw",
							"raw": "{\n\t\"key\": \"secret\",\n\t\"value\": \"The answer to everything is 42.\"\n}"
						},
						"url": {
							"raw": "{{domain}}/settings/{id}",
							"host": [
								"{{domain}}"
							],
							"path": [
								"settings",
								"{id}"
							]
						},
						"description": ""
					},
					"response": []
				},
				{
					"name": "Delete Setting By Id",
					"request": {
						"method": "DELETE",
						"header": [
							{
								"key": "Accept",
								"value": "application/json"
							},
							{
								"key": "Content-Type",
								"value": "application/json"
							}
						],
						"body": {
							"mode": "raw",
							"raw": ""
						},
						"url": {
							"raw": "{{domain}}/settings/{id}",
							"host": [
								"{{domain}}"
							],
							"path": [
								"settings",
								"{id}"
							]
						},
						"description": ""
					},
					"response": []
				}
			]
		},
		{
			"name": "SocialAuth",
			"description": "",
			"item": []
		},
		{
			"name": "Stripe",
			"description": "",
			"item": [
				{
					"name": "Create Stripe Account",
					"request": {
						"method": "POST",
						"header": [
							{
								"key": "Accept",
								"value": "application/json"
							},
							{
								"key": "Content-Type",
								"value": "application/json"
							}
						],
						"body": {
							"mode": "raw",
							"raw": "{\n\t\"customer_id\": \"required\",\n\t\"card_id\": \"required\",\n\t\"card_funding\": \"required\",\n\t\"card_last_digits\": \"sometimes\",\n\t\"card_fingerprint\": \"sometimes\",\n\t\"nickname\": \"required\"\n}"
						},
						"url": {
							"raw": "{{domain}}/user/payments/accounts/stripe",
							"host": [
								"{{domain}}"
							],
							"path": [
								"user",
								"payments",
								"accounts",
								"stripe"
							]
						},
						"description": ""
					},
					"response": []
				},
				{
					"name": "Update Stripe Account",
					"request": {
						"method": "PATCH",
						"header": [
							{
								"key": "Accept",
								"value": "application/json"
							},
							{
								"key": "Content-Type",
								"value": "application/json"
							}
						],
						"body": {
							"mode": "raw",
							"raw": "{\n\t\"customer_id\": \"required\",\n\t\"card_id\": \"required\",\n\t\"card_funding\": \"required\",\n\t\"card_last_digits\": \"sometimes\",\n\t\"card_fingerprint\": \"sometimes\"\n}"
						},
						"url": {
							"raw": "{{domain}}/user/payments/accounts/stripe/{id}",
							"host": [
								"{{domain}}"
							],
							"path": [
								"user",
								"payments",
								"accounts",
								"stripe",
								"{id}"
							]
						},
						"description": ""
					},
					"response": []
				}
			]
		},
		{
			"name": "User",
			"description": "",
			"item": [
				{
					"name": "Administrators",
					"description": "",
					"item": [
						{
							"name": "Fetch All Administrators",
							"request": {
								"method": "GET",
								"header": [
									{
										"key": "Accept",
										"value": "application/json"
									},
									{
										"key": "Content-Type",
										"value": "application/json"
									}
								],
								"body": {},
								"url": {
									"raw": "{{domain}}/admins",
									"host": [
										"{{domain}}"
									],
									"path": [
										"admins"
									],
									"query": [
										{
											"key": "include",
											"value": "roles",
											"type": "text",
											"description": "Include related resources.",
											"disabled": true
										},
										{
											"key": "filter",
											"value": "id;name",
											"type": "text",
											"description": "Filter and reduce response to specific attributes.",
											"disabled": true
										},
										{
											"key": "search",
											"value": "name:Super",
											"type": "text",
											"description": "Search all fields or specific fields with attribute:value syntax.",
											"disabled": true
										},
										{
											"key": "orderBy",
											"value": "id",
											"type": "text",
											"description": "Order results by attribute. Use with 'sortedBy'.",
											"disabled": true
										},
										{
											"key": "sortedBy",
											"value": "desc",
											"type": "text",
											"description": "Sort by asc or desc. Use with 'orderBy'. ",
											"disabled": true
										},
										{
											"key": "limit",
											"value": "10",
											"type": "text",
											"description": "Limit the number of items per page.",
											"disabled": true
										},
										{
											"key": "page",
											"value": "1",
											"type": "text",
											"description": "Returns specific page from paginated results.",
											"disabled": true
										}
									]
								},
								"description": ""
							},
							"response": []
						},
						{
							"name": "Fetch All Clients",
							"request": {
								"method": "GET",
								"header": [
									{
										"key": "Accept",
										"value": "application/json"
									},
									{
										"key": "Content-Type",
										"value": "application/json"
									}
								],
								"body": {},
								"url": {
									"raw": "{{domain}}/clients",
									"host": [
										"{{domain}}"
									],
									"path": [
										"clients"
									],
									"query": [
										{
											"key": "include",
											"value": "roles",
											"type": "text",
											"description": "Include related resources.",
											"disabled": true
										},
										{
											"key": "filter",
											"value": "id;name",
											"type": "text",
											"description": "Filter and reduce response to specific attributes.",
											"disabled": true
										},
										{
											"key": "search",
											"value": "name:Super",
											"type": "text",
											"description": "Search all fields or specific fields with attribute:value syntax.",
											"disabled": true
										},
										{
											"key": "orderBy",
											"value": "id",
											"equals": true,
											"description": "Order results by attribute. Use with 'sortedBy'.",
											"disabled": true
										},
										{
											"key": "sortedBy",
											"value": "desc",
											"equals": true,
											"description": "Sort by asc or desc. Use with 'orderBy'. ",
											"disabled": true
										},
										{
											"key": "limit",
											"value": "10",
											"type": "text",
											"description": "Limit the number of items per page.",
											"disabled": true
										},
										{
											"key": "page",
											"value": "1",
											"type": "text",
											"description": "Returns specific page from paginated results.",
											"disabled": true
										}
									]
								},
								"description": ""
							},
							"response": []
						},
						{
							"name": "Create Administrator",
							"request": {
								"method": "POST",
								"header": [
									{
										"key": "Accept",
										"value": "application/json"
									},
									{
										"key": "Content-Type",
										"value": "application/json"
									}
								],
								"body": {
									"mode": "urlencoded",
									"urlencoded": [
										{
											"key": "email",
											"value": "justinatack@apiato.com",
											"description": "Email Field (required, string)",
											"type": "text"
										},
										{
											"key": "password",
											"value": "secret",
											"description": "Password Field (required, string)",
											"type": "text"
										},
										{
											"key": "name",
											"value": "Justin Atack",
											"description": "Name Field (optional, string)",
											"type": "text"
										}
									]
								},
								"url": {
									"raw": "{{domain}}/admins",
									"host": [
										"{{domain}}"
									],
									"path": [
										"admins"
									]
								},
								"description": ""
							},
							"response": []
						},
						{
							"name": "Find Authenticated Administrator",
							"request": {
								"method": "GET",
								"header": [
									{
										"key": "Accept",
										"value": "application/json"
									}
								],
								"body": {},
								"url": {
									"raw": "{{domain}}/user/profile",
									"host": [
										"{{domain}}"
									],
									"path": [
										"user",
										"profile"
									]
								},
								"description": "Fetches the authenticated user and returns a User object."
							},
							"response": []
						}
					],
					"_postman_isSubFolder": true
				},
				{
					"name": "Users",
					"description": "",
					"item": [
						{
							"name": "Create / Register User",
							"request": {
								"auth": {
									"type": "noauth"
								},
								"method": "POST",
								"header": [
									{
										"key": "Accept",
										"value": "application/json"
									},
									{
										"key": "Content-Type",
										"value": "application/x-www-form-urlencoded"
									}
								],
								"body": {
									"mode": "urlencoded",
									"urlencoded": [
										{
											"key": "email",
											"value": "arthur@apiato.com",
											"description": "required, string",
											"type": "text"
										},
										{
											"key": "password",
											"value": "123456",
											"description": "required, string",
											"type": "text"
										},
										{
											"key": "name",
											"value": "Arthur Apiato",
											"description": "optional, string",
											"type": "text"
										},
										{
											"key": "gender",
											"value": "male",
											"description": "optional, string",
											"type": "text"
										},
										{
											"key": "birth",
											"value": "1979-09-02",
											"description": "optional, string",
											"type": "text"
										}
									]
								},
								"url": {
									"raw": "{{domain}}/register",
									"host": [
										"{{domain}}"
									],
									"path": [
										"register"
									]
								},
								"description": "Reigister a new user. Authentication not required."
							},
							"response": []
						},
						{
							"name": "Fetch All Users",
							"request": {
								"method": "GET",
								"header": [
									{
										"key": "Accept",
										"value": "application/json"
									},
									{
										"key": "Content-Type",
										"value": "application/json"
									}
								],
								"body": {},
								"url": {
									"raw": "{{domain}}/users",
									"host": [
										"{{domain}}"
									],
									"path": [
										"users"
									],
									"query": [
										{
											"key": "include",
											"value": "roles",
											"equals": true,
											"description": "Include related resources.",
											"disabled": true
										},
										{
											"key": "filter",
											"value": "id;name",
											"equals": true,
											"description": "Filter and reduce response to specific attributes.",
											"disabled": true
										},
										{
											"key": "search",
											"value": "name:Super",
											"equals": true,
											"description": "Search all fields or specific fields with attribute:value syntax.",
											"disabled": true
										},
										{
											"key": "orderBy",
											"value": "id",
											"equals": true,
											"description": "Order results by attribute. Use with 'sortedBy'.",
											"disabled": true
										},
										{
											"key": "sortedBy",
											"value": "desc",
											"equals": true,
											"description": "Sort by asc or desc. Use with 'orderBy'. ",
											"disabled": true
										},
										{
											"key": "limit",
											"value": "10",
											"equals": true,
											"description": "Limit the number of items per page.",
											"disabled": true
										},
										{
											"key": "page",
											"value": "1",
											"equals": true,
											"description": "Returns specific page from paginated results.",
											"disabled": true
										}
									]
								},
								"description": null
							},
							"response": []
						},
						{
							"name": "Find User By Id",
							"request": {
								"method": "GET",
								"header": [
									{
										"key": "Accept",
										"value": "application/json"
									}
								],
								"body": {},
								"url": {
									"raw": "{{domain}}/users/{id}",
									"host": [
										"{{domain}}"
									],
									"path": [
										"users",
										"{id}"
									],
									"query": [
										{
											"key": "include",
											"value": "roles",
											"equals": true,
											"description": "Include related resources.",
											"disabled": true
										},
										{
											"key": "filter",
											"value": "id;name;email",
											"equals": true,
											"description": "Filter and reduce response to specific attributes.",
											"disabled": true
										}
									]
								},
								"description": ""
							},
							"response": []
						},
						{
							"name": "Update User By Id",
							"request": {
								"method": "PUT",
								"header": [
									{
										"key": "Accept",
										"value": "application/json"
									},
									{
										"key": "Content-Type",
										"value": "application/x-www-form-urlencoded"
									}
								],
								"body": {
									"mode": "urlencoded",
									"urlencoded": [
										{
											"key": "name",
											"value": "Arthur Aardvark",
											"description": "Name Field (optional, string)",
											"type": "text"
										},
										{
											"key": "gender",
											"value": "Male",
											"description": "Gender Field (optional, string)",
											"type": "text"
										},
										{
											"key": "birth",
											"value": "1st of September 1979",
											"description": "DOB Field (optional, string)",
											"type": "text"
										}
									]
								},
								"url": {
									"raw": "{{domain}}/users/{id}",
									"host": [
										"{{domain}}"
									],
									"path": [
										"users",
										"{id}"
									]
								},
								"description": ""
							},
							"response": []
						},
						{
							"name": "Delete User By Id",
							"request": {
								"method": "DELETE",
								"header": [
									{
										"key": "Accept",
										"value": "application/json"
									}
								],
								"body": {},
								"url": {
									"raw": "{{domain}}/users/{id}",
									"host": [
										"{{domain}}"
									],
									"path": [
										"users",
										"{id}"
									]
								},
								"description": ""
							},
							"response": []
						},
						{
							"name": "Find Authenticated User",
							"request": {
								"method": "GET",
								"header": [
									{
										"key": "Accept",
										"value": "application/json"
									}
								],
								"body": {},
								"url": {
									"raw": "{{domain}}/user/profile",
									"host": [
										"{{domain}}"
									],
									"path": [
										"user",
										"profile"
									]
								},
								"description": "Fetches the authenticated user and returns a User object."
							},
							"response": []
						}
					],
					"_postman_isSubFolder": true
				}
			]
		},
		{
			"name": "Welcome",
			"description": "",
			"item": [
				{
					"name": "API Root Landing Page",
					"request": {
						"auth": {
							"type": "noauth"
						},
						"method": "GET",
						"header": [],
						"body": {},
						"url": {
							"raw": "{{domain}}",
							"host": [
								"{{domain}}"
							]
						},
						"description": ""
					},
					"response": []
				}
			]
		},
		{
			"name": "Wepay",
			"description": "",
			"item": [
				{
					"name": "Create Wepay Account",
					"request": {
						"method": "POST",
						"header": [
							{
								"key": "Accept",
								"value": "application/json"
							},
							{
								"key": "Content-Type",
								"value": "application/json"
							}
						],
						"body": {
							"mode": "raw",
							"raw": "{\n\t\"name\": \"required\",\n\t\"description\": \"required\",\n\t\"type\": \"required\",\n\t\"imageUrl\": \"required\",\n\t\"country\": \"required\",\n\t\"currencies\": \"required\",\n\t\"nickname\": \"required\"\n}"
						},
						"url": {
							"raw": "{{domain}}/user/payments/accounts/wepay",
							"host": [
								"{{domain}}"
							],
							"path": [
								"user",
								"payments",
								"accounts",
								"wepay"
							]
						},
						"description": ""
					},
					"response": []
				}
			]
		}
	],
	"auth": {
		"type": "bearer",
		"bearer": [
			{
				"key": "token",
				"value": "{{access_token}}",
				"type": "string"
			}
		]
	},
	"event": [
		{
			"listen": "prerequest",
			"script": {
				"id": "247e09a5-61b5-4ca2-8472-bdba0541ff46",
				"type": "text/javascript",
				"exec": [
					""
				]
			}
		},
		{
			"listen": "test",
			"script": {
				"id": "d1e55947-f929-482a-a2cb-a703398180c8",
				"type": "text/javascript",
				"exec": [
					""
				]
			}
		}
	]
}
